<?xml version="1.0" encoding="UTF-8"?>
<project xmlns="http://maven.apache.org/POM/4.0.0" xmlns:xsi="http://www.w3.org/2001/XMLSchema-instance" xsi:schemaLocation="http://maven.apache.org/POM/4.0.0 http://maven.apache.org/maven-v4_0_0.xsd">
  <parent>
    <artifactId>remotevmlauncher</artifactId>
    <groupId>org.ah.java.remotevmlauncher</groupId>
    <version>1.0-SNAPSHOT</version>
  </parent>
  <modelVersion>4.0.0</modelVersion>
  <artifactId>remotevmlauncher-client</artifactId>
  <name>Remote VM Lanucher - Client</name>
  <build>
    <plugins>
      <plugin>
        <artifactId>maven-shade-plugin</artifactId>
        <version>2.1</version>
        <executions>
          <execution>
            <phase>package</phase>
            <goals>
              <goal>shade</goal>
            </goals>
          </execution>
        </executions>
        <configuration>
          <transformers>
            <transformer>
              <mainClass>org.ah.java.remotevmlauncher.client.LaunchRemote</mainClass>
            </transformer>
          </transformers>
        </configuration>
      </plugin>
    </plugins>
  </build>
  <dependencies>
    <dependency>
      <groupId>org.ah.java.remotevmlauncher</groupId>
      <artifactId>remotevmlauncher-agent</artifactId>
      <version>1.0-SNAPSHOT</version>
      <scope>test</scope>
    </dependency>
    <dependency>
      <groupId>junit</groupId>
      <artifactId>junit</artifactId>
      <version>4.5</version>
      <scope>test</scope>
    </dependency>
  </dependencies>
</project>

